{"sex":{"m":83.33333333333334,"f":16.666666666666664}}