{"sex":{"m":66.66666666666666,"f":33.33333333333333}}