{"0":[0.2515683677080982,0.2338927088556293,0.743116705936937],"1":[0.5859084472797238,0.9476515349986709,0.25869475005811315],"2":[0.003346850898558129,0.5825395212874291,0.0024889017384746026],"3":[0.3423938017567234,0.8677799500560139,0.721592464277649]}