{"0":[0.5400907414796208,0.4815006294824662,0.03812600341490202],"1":[0.1930871521413824,0.6180669253257274,0.7740413744359336],"2":[0.7181163092400247,0.0322791020916644,0.37030193972409164],"3":[0.37885506334349306,0.3651182128171082,0.40151647718520733],"4":[0.7622495896521349,0.4568963818814511,0.2740452978103036]}