{"CBR":[0.7436875339713167,0.7250321813998701,0.6274376399406181],"ILP":[0.7023292885465513,0.2389288372184355,0.3206155622300675],"RI":[0.9104321051798392,0.9607095863091224,0.718111896181282],"SON":[0.04911290804002966,0.3838943896210554,0.5744499001826033]}