{"Sweden":[0.3337727254336824,0.5727852371730802,0.8343762875096139],"Spain":[0.7935173317907929,0.023358127009207363,0.8873086447650491],"Russian Federation":[0.46162121816898827,0.8435014337399054,0.5266479299360975],"Poland":[0.9014321260779952,0.2866982339416959,0.7825395654258367],"Brazil":[0.9315268438620812,0.3770265157558035,0.7274574299605774],"Iceland":[0.34292769704613035,0.5912316068571699,0.7009452277891606],"Germany":[0.2902731608634659,0.6949930101469672,0.19253913744395246],"Netherlands":[0.7497055456443105,0.048012950984279934,0.1334359751519303],"United States":[0.9033851650585305,0.4811523505582047,0.20961360460215928],"Italy":[0.2090726344857765,0.8600218061185074,0.11689335351998498],"France":[0.3910053656548951,0.7060868256656703,0.860165782529347],"Finland":[0.47729776872938423,0.737796523850363,0.1937391293941877],"New Zealand":[0.18070446708060484,0.026345233016348946,0.5061471030275799],"Croatia":[0.8029034157274284,0.05667811764616815,0.40062759467597187],"Georgia":[0.37573908838393577,0.8212058733671606,0.6358958705253068],"United Kingdom":[0.8414576034576118,0.4666542512826444,0.5578568068753382],"Ukraine":[0.28258998926491863,0.6638440136598511,0.8827465161631611],"Turkey":[0.6267375984826693,0.1825975760701244,0.014615359101044056],"Israel":[0.38067877493276114,0.392512198814458,0.6429084974751533],"Argentina":[0.7838195057223687,0.794693102542881,0.6700817221556576],"Mexico":[0.9746349941321273,0.9660304899076109,0.3791497517811395],"Denmark":[0.049970248714357623,0.9823416838213834,0.3643480034462292],"Japan":[0.9904506604097219,0.9088982314959722,0.5380787410418362],"Philippines":[0.4008400238177465,0.8102176082416246,0.7610246397582681],"Chile":[0.9258314882365561,0.5932085005059555,0.3991279297635506],"Austria":[0.7058047655605113,0.37932855712524627,0.47495725024466506],"Canada":[0.6733972797723247,0.22862741311894097,0.5792722705583837],"Belgium":[0.3161115650240587,0.675470654913009,0.4323726621701154],"Australia":[0.07422074346841034,0.4606876674627276,0.30373619742194324],"Norway":[0.4954976609646302,0.8592612932899237,0.29877600430435036],"Colombia":[0.9674458142509139,0.5809949102523455,0.796314351165923],"Ireland":[0.7349644032640215,0.39472555551777844,0.6479144080104169],"China":[0.161797931380671,0.6389294004732138,0.4220820733329247],"Thailand":[0.7563655153163447,0.2787506775224009,0.7123775871060847],"Iran":[0.7796249518204528,0.7100159742186993,0.16907861301371985],"Czech Republic":[0.3351178299626163,0.4799526509854706,0.6983637149454991],"South Africa":[0.0970898691486819,0.7424178804784398,0.18036520161947012],"Latvia":[0.19120231507475993,0.2478220264919604,0.1369265237995252],"Lithuania":[0.1248415214237315,0.4668340776164983,0.30116831968877933],"Uruguay":[0.31522993054280724,0.00589691668289305,0.32291119090364995],"Greece":[0.014356764768614472,0.2865927208966119,0.469882348229431],"Switzerland":[0.5450254045271348,0.15279878746875708,0.9871862395022093],"Belarus":[0.7445503225787256,0.5408529815529317,0.955808865320779],"Costa Rica":[0.9008590488562187,0.15110034111393778,0.28811907926424096],"Taiwan":[0.8767090761683589,0.29927756606760436,0.2771705236890929],"Portugal":[0.5360139748340611,0.0292554074423641,0.13220279219626874],"Romania":[0.1316652403993006,0.42056607557665515,0.6907696236735386],"Slovakia":[0.5000542090748312,0.7149816048599364,0.21171379208560182]}