{"age":{"0-18":3.090507726269316,"18-24":14.79028697571744,"25-34":34.87858719646799,"35-44":19.867549668874172,"45-49":7.9470198675496695,"50-55":11.258278145695364,"56+":8.167770419426049},"occupation":{"Academic/Educator":8.388520971302428,"Artist":4.415011037527594,"Clerical/Administrator":2.869757174392936,"College/Grad student":11.920529801324504,"Customer Service":2.207505518763797,"Doctor/Health care":3.090507726269316,"Executive/Managerial":11.920529801324504,"Farmer":0.44150110375275936,"Homemaker":1.545253863134658,"K-12 student":2.869757174392936,"Lawyer":2.4282560706401766,"Not specified":12.582781456953644,"Programmer":4.856512141280353,"Retired":3.3112582781456954,"Sales/Marketing":5.077262693156733,"Scientist":3.090507726269316,"Self-employed":3.090507726269316,"Technician/engineer":8.167770419426049,"Tradesman/craftsman":1.1037527593818985,"Unemployed":0.44150110375275936,"Writer":6.181015452538632},"sex":{"F":28.697571743929362,"M":71.30242825607064}}