{"age":{"0-18":4.194260485651214,"18-24":19.205298013245034,"25-34":35.98233995584989,"35-44":20.309050772626932,"45-49":7.06401766004415,"50-55":7.505518763796909,"56+":5.739514348785872},"occupation":{"Academic/Educator":7.28476821192053,"Artist":6.843267108167771,"Clerical/Administrator":3.532008830022075,"College/Grad student":14.56953642384106,"Customer Service":1.9867549668874174,"Doctor/Health care":1.7660044150110374,"Executive/Managerial":11.920529801324504,"Farmer":0.22075055187637968,"Homemaker":2.207505518763797,"K-12 student":3.7527593818984544,"Lawyer":2.6490066225165565,"Not specified":10.596026490066226,"Programmer":5.518763796909492,"Retired":1.9867549668874174,"Sales/Marketing":5.518763796909492,"Scientist":2.6490066225165565,"Self-employed":3.7527593818984544,"Technician/engineer":7.06401766004415,"Tradesman/craftsman":0.6622516556291391,"Unemployed":1.1037527593818985,"Writer":4.415011037527594},"sex":{"F":31.125827814569533,"M":68.87417218543047}}