{"age":{"0-18":3.7527593818984544,"18-24":17.660044150110377,"25-34":34.87858719646799,"35-44":20.750551876379692,"45-49":10.154525386313466,"50-55":6.843267108167771,"56+":5.960264900662252},"occupation":{"Academic/Educator":8.830022075055188,"Artist":3.9735099337748347,"Clerical/Administrator":2.6490066225165565,"College/Grad student":13.024282560706402,"Customer Service":1.9867549668874174,"Doctor/Health care":3.9735099337748347,"Executive/Managerial":10.375275938189846,"Farmer":0.22075055187637968,"Homemaker":2.869757174392936,"K-12 student":3.3112582781456954,"Lawyer":2.4282560706401766,"Not specified":13.245033112582782,"Programmer":6.622516556291391,"Retired":1.1037527593818985,"Sales/Marketing":6.181015452538632,"Scientist":1.9867549668874174,"Self-employed":3.7527593818984544,"Technician/engineer":7.72626931567329,"Tradesman/craftsman":0.8830022075055187,"Unemployed":0.8830022075055187,"Writer":3.9735099337748347},"sex":{"F":30.4635761589404,"M":69.5364238410596}}