{"genres":{"Action":9.859154929577464,"Adventure":4.225352112676056,"Animation":3.5211267605633805,"Children's":3.5211267605633805,"Comedy":26.76056338028169,"Crime":4.929577464788732,"Documentary":2.112676056338028,"Drama":32.3943661971831,"Film-Noir":0.7042253521126761,"Horror":2.112676056338028,"Mystery":2.112676056338028,"Romance":0.7042253521126761,"Sci-Fi":0.7042253521126761,"Thriller":2.8169014084507045,"War":0.7042253521126761,"Western":2.8169014084507045}}