{"age":{"0-18":3.7527593818984544,"18-24":17.218543046357617,"25-34":34.65783664459161,"35-44":20.309050772626932,"45-49":9.492273730684326,"50-55":8.609271523178808,"56+":5.960264900662252},"occupation":{"Academic/Educator":7.505518763796909,"Artist":1.7660044150110374,"Clerical/Administrator":3.7527593818984544,"College/Grad student":10.596026490066226,"Customer Service":0.8830022075055187,"Doctor/Health care":4.856512141280353,"Executive/Managerial":11.479028697571744,"Farmer":0.8830022075055187,"Homemaker":1.3245033112582782,"K-12 student":4.194260485651214,"Lawyer":1.9867549668874174,"Not specified":11.037527593818984,"Programmer":7.9470198675496695,"Retired":3.3112582781456954,"Sales/Marketing":5.518763796909492,"Scientist":2.4282560706401766,"Self-employed":4.856512141280353,"Technician/engineer":8.830022075055188,"Tradesman/craftsman":1.7660044150110374,"Unemployed":1.3245033112582782,"Writer":3.7527593818984544},"sex":{"F":26.71081677704194,"M":73.28918322295806}}