{"age":{"0-18":5.077262693156733,"18-24":16.55629139072848,"25-34":34.65783664459161,"35-44":18.984547461368653,"45-49":9.050772626931568,"50-55":8.167770419426049,"56+":7.505518763796909},"occupation":{"Academic/Educator":7.06401766004415,"Artist":3.9735099337748347,"Clerical/Administrator":2.869757174392936,"College/Grad student":13.024282560706402,"Customer Service":2.207505518763797,"Doctor/Health care":3.532008830022075,"Executive/Managerial":11.258278145695364,"Farmer":0.44150110375275936,"Homemaker":1.1037527593818985,"K-12 student":4.415011037527594,"Lawyer":2.6490066225165565,"Not specified":11.258278145695364,"Programmer":5.960264900662252,"Retired":2.6490066225165565,"Sales/Marketing":5.298013245033113,"Scientist":2.4282560706401766,"Self-employed":3.7527593818984544,"Technician/engineer":9.713024282560706,"Tradesman/craftsman":0.44150110375275936,"Unemployed":1.9867549668874174,"Writer":3.9735099337748347},"sex":{"F":25.82781456953642,"M":74.17218543046357}}