{"age":{"0-18":2.869757174392936,"18-24":19.205298013245034,"25-34":32.671081677704194,"35-44":18.76379690949227,"45-49":10.596026490066226,"50-55":8.388520971302428,"56+":7.505518763796909},"occupation":{"Academic/Educator":6.843267108167771,"Artist":6.181015452538632,"Clerical/Administrator":2.4282560706401766,"College/Grad student":11.699779249448124,"Customer Service":3.3112582781456954,"Doctor/Health care":3.9735099337748347,"Executive/Managerial":11.258278145695364,"Farmer":0.44150110375275936,"Homemaker":2.6490066225165565,"K-12 student":2.207505518763797,"Lawyer":2.207505518763797,"Not specified":12.362030905077264,"Programmer":4.635761589403973,"Retired":3.3112582781456954,"Sales/Marketing":5.739514348785872,"Scientist":1.9867549668874174,"Self-employed":5.298013245033113,"Technician/engineer":8.388520971302428,"Tradesman/craftsman":0.8830022075055187,"Unemployed":0.6622516556291391,"Writer":3.532008830022075},"sex":{"F":28.2560706401766,"M":71.7439293598234}}